auc_origen_rem_real,auc_origen_sws_real,auc_origen_rem_surr,auc_origen_sws_surr,separacion_acumulada_real,separacion_acumulada_surr,razon_real_sobre_surr
2.5739210695028305,1.9458443745970726,1.9843709450215101,1.8537729419767857,0.7909353598952293,0.5854827556759119,1.350911452519438
