dataset,n_bloques,media,mediana,p25,p75,p90
CAP,272,23.845588235294116,14.0,6.0,37.0,57.0
EDF,2900,12.545862068965517,5.0,2.0,17.0,35.0
SCO,1265,8.545454545454545,4.0,1.0,10.0,22.0
TODOS,4437,12.098039215686274,5.0,2.0,15.0,34.0
