modelo,accuracy,macro_f1,acc_transicion,f1_transicion
LSTM_real,0.7443290516534572,0.6083451334322996,0.28821292775665397,0.23777897453137192
LSTM_shuffled,0.2615233736515201,0.2134825650652643,,
Markov_1,0.8802040630409037,0.8229102132333399,0.0,0.0
Persistencia,0.8802040630409037,0.8229102132333399,0.0,0.0
