ruta,pendiente_real,p_valor
REM,0.086394447258071,0.0196078431372549
SWS,0.06913903376959762,0.09803921568627451
