,Vigilia,S1,S2,SWS,REM
Vigilia,0.810785,0.156797,0.024962,0.00054,0.006916
S1,0.078618,0.654893,0.22775,0.000506,0.038233
S2,0.01201,0.016076,0.918351,0.040899,0.012663
SWS,0.008967,0.003427,0.112685,0.874293,0.000628
REM,0.013797,0.015705,0.015616,8.9e-05,0.954793
