,Vigilia,S1,S2,SWS,REM
Vigilia,0.067703,0.013093,0.002084,4.5e-05,0.000577
S1,0.005604,0.046678,0.016233,3.6e-05,0.002725
S2,0.005811,0.007778,0.44433,0.019788,0.006127
SWS,0.001417,0.000541,0.017803,0.13813,9.9e-05
REM,0.002806,0.003194,0.003176,1.8e-05,0.194202
