,Vigilia (W),S1,S2,SWS,REM,Sin clasificar
Vigilia (W),1.0000002,0.1777322,-0.71931744,-0.22140233,-0.22083572,0.13452372
S1,0.1777322,0.99999994,-0.2855751,-0.5928849,0.04014375,-0.28341636
S2,-0.71931744,-0.2855751,1.0,0.30218923,-0.24768108,-0.36279985
SWS,-0.22140233,-0.5928849,0.30218923,1.0,-0.4374947,0.09149204
REM,-0.22083572,0.04014375,-0.24768108,-0.4374947,1.0000001,-0.07271436
Sin clasificar,0.13452372,-0.28341636,-0.36279985,0.09149204,-0.07271436,0.99999994
