,CAP,EDF,SCO
CAP,0.9999999999999999,0.9390091982079379,0.9896592722827959
EDF,0.9390091982079379,1.0,0.9568392264867902
SCO,0.9896592722827959,0.9568392264867902,1.0
